-- Insert datos prueba
INSERT INTO `users`(`UserName`, `Password`, `Rol`, `Email`) VALUES ('Marta', 'marta', 'admin', 'marta@yahoo.com');
INSERT INTO `users`(`UserName`, `Password`, `Rol`, `Email`) VALUES ('Roser', 'roser', 'teacher','roser@yahoo.com');

INSERT INTO `franjas`(`DiaSemana`, `FranjaHoraria`) VALUES ('DL','8:30-9:30');
INSERT INTO `franjas`(`DiaSemana`, `FranjaHoraria`) VALUES ('DL','9:30-10:30');
INSERT INTO `franjas`(`DiaSemana`, `FranjaHoraria`) VALUES ('DL','10:30-11:30');
INSERT INTO `franjas`(`DiaSemana`, `FranjaHoraria`) VALUES ('DL','12:00-13:00');
INSERT INTO `franjas`(`DiaSemana`, `FranjaHoraria`) VALUES ('DL','13:00-14:00');
INSERT INTO `franjas`(`DiaSemana`, `FranjaHoraria`) VALUES ('DL','15:15-16:15');
INSERT INTO `franjas`(`DiaSemana`, `FranjaHoraria`) VALUES ('DL','16:15-17:15');
INSERT INTO `franjas`(`DiaSemana`, `FranjaHoraria`) VALUES ('DL','17:15-18:15');
INSERT INTO `franjas`(`DiaSemana`, `FranjaHoraria`) VALUES ('DL','18:45-19:45');
INSERT INTO `franjas`(`DiaSemana`, `FranjaHoraria`) VALUES ('DL','19:45-20:45');
INSERT INTO `franjas`(`DiaSemana`, `FranjaHoraria`) VALUES ('DL','20:45-21:45');
INSERT INTO `franjas`(`DiaSemana`, `FranjaHoraria`) VALUES ('DM','8:30-9:30');
INSERT INTO `franjas`(`DiaSemana`, `FranjaHoraria`) VALUES ('DM','9:30-10:30');
INSERT INTO `franjas`(`DiaSemana`, `FranjaHoraria`) VALUES ('DM','10:30-11:30');
INSERT INTO `franjas`(`DiaSemana`, `FranjaHoraria`) VALUES ('DM','12:00-13:00');
INSERT INTO `franjas`(`DiaSemana`, `FranjaHoraria`) VALUES ('DM','13:00-14:00');
INSERT INTO `franjas`(`DiaSemana`, `FranjaHoraria`) VALUES ('DM','15:15-16:15');
INSERT INTO `franjas`(`DiaSemana`, `FranjaHoraria`) VALUES ('DM','16:15-17:15');
INSERT INTO `franjas`(`DiaSemana`, `FranjaHoraria`) VALUES ('DM','17:15-18:15');
INSERT INTO `franjas`(`DiaSemana`, `FranjaHoraria`) VALUES ('DM','18:45-19:45');
INSERT INTO `franjas`(`DiaSemana`, `FranjaHoraria`) VALUES ('DM','19:45-20:45');
INSERT INTO `franjas`(`DiaSemana`, `FranjaHoraria`) VALUES ('DM','20:45-21:45');
INSERT INTO `franjas`(`DiaSemana`, `FranjaHoraria`) VALUES ('DC','8:30-9:30');
INSERT INTO `franjas`(`DiaSemana`, `FranjaHoraria`) VALUES ('DC','9:30-10:30');
INSERT INTO `franjas`(`DiaSemana`, `FranjaHoraria`) VALUES ('DC','10:30-11:30');
INSERT INTO `franjas`(`DiaSemana`, `FranjaHoraria`) VALUES ('DC','12:00-13:00');
INSERT INTO `franjas`(`DiaSemana`, `FranjaHoraria`) VALUES ('DC','13:00-14:00');
INSERT INTO `franjas`(`DiaSemana`, `FranjaHoraria`) VALUES ('DC','15:15-16:15');
INSERT INTO `franjas`(`DiaSemana`, `FranjaHoraria`) VALUES ('DC','16:15-17:15');
INSERT INTO `franjas`(`DiaSemana`, `FranjaHoraria`) VALUES ('DC','17:15-18:15');
INSERT INTO `franjas`(`DiaSemana`, `FranjaHoraria`) VALUES ('DC','18:45-19:45');
INSERT INTO `franjas`(`DiaSemana`, `FranjaHoraria`) VALUES ('DC','19:45-20:45');
INSERT INTO `franjas`(`DiaSemana`, `FranjaHoraria`) VALUES ('DC','20:45-21:45');
INSERT INTO `franjas`(`DiaSemana`, `FranjaHoraria`) VALUES ('DJ','8:30-9:30');
INSERT INTO `franjas`(`DiaSemana`, `FranjaHoraria`) VALUES ('DJ','9:30-10:30');
INSERT INTO `franjas`(`DiaSemana`, `FranjaHoraria`) VALUES ('DJ','10:30-11:30');
INSERT INTO `franjas`(`DiaSemana`, `FranjaHoraria`) VALUES ('DJ','12:00-13:00');
INSERT INTO `franjas`(`DiaSemana`, `FranjaHoraria`) VALUES ('DJ','13:00-14:00');
INSERT INTO `franjas`(`DiaSemana`, `FranjaHoraria`) VALUES ('DJ','15:15-16:15');
INSERT INTO `franjas`(`DiaSemana`, `FranjaHoraria`) VALUES ('DJ','16:15-17:15');
INSERT INTO `franjas`(`DiaSemana`, `FranjaHoraria`) VALUES ('DJ','17:15-18:15');
INSERT INTO `franjas`(`DiaSemana`, `FranjaHoraria`) VALUES ('DJ','18:45-19:45');
INSERT INTO `franjas`(`DiaSemana`, `FranjaHoraria`) VALUES ('DJ','19:45-20:45');
INSERT INTO `franjas`(`DiaSemana`, `FranjaHoraria`) VALUES ('DJ','20:45-21:45');
INSERT INTO `franjas`(`DiaSemana`, `FranjaHoraria`) VALUES ('DV','8:30-9:30');
INSERT INTO `franjas`(`DiaSemana`, `FranjaHoraria`) VALUES ('DV','9:30-10:30');
INSERT INTO `franjas`(`DiaSemana`, `FranjaHoraria`) VALUES ('DV','10:30-11:30');
INSERT INTO `franjas`(`DiaSemana`, `FranjaHoraria`) VALUES ('DV','12:00-13:00');
INSERT INTO `franjas`(`DiaSemana`, `FranjaHoraria`) VALUES ('DV','13:00-14:00');
INSERT INTO `franjas`(`DiaSemana`, `FranjaHoraria`) VALUES ('DV','15:15-16:15');
INSERT INTO `franjas`(`DiaSemana`, `FranjaHoraria`) VALUES ('DV','16:15-17:15');
INSERT INTO `franjas`(`DiaSemana`, `FranjaHoraria`) VALUES ('DV','17:15-18:15');
INSERT INTO `franjas`(`DiaSemana`, `FranjaHoraria`) VALUES ('DV','18:45-19:45');
INSERT INTO `franjas`(`DiaSemana`, `FranjaHoraria`) VALUES ('DV','19:45-20:45');
INSERT INTO `franjas`(`DiaSemana`, `FranjaHoraria`) VALUES ('DV','20:45-21:45');


INSERT INTO `aulas`(`Nombre`, `Descripcion`) VALUES ('OR26', 'Capacidad: 30. Ordenadores: 30. PC docente + Projector. Pizarra.');
INSERT INTO `aulas`(`Nombre`, `Descripcion`) VALUES ('OR27', 'Capacidad: 20. Ordenadores: 20. PC docente + Projector. Pizarra.');
INSERT INTO `aulas`(`Nombre`, `Descripcion`) VALUES ('LAB32', 'Capacidad: 15. Laboratorio. 3 lavamanos. PC docente + Projector. Pizarra.');
INSERT INTO `aulas`(`Nombre`, `Descripcion`) VALUES ('LAB31', 'Capacidad: 10. Laboratorio. 2 lavamanos. Extractor gases. Pizarra.');
INSERT INTO `aulas`(`Nombre`, `Descripcion`) VALUES ('AUL11', 'Capacidad: 35. PC docente + Projector. Pizarra.');
INSERT INTO `aulas`(`Nombre`, `Descripcion`) VALUES ('AUL12', 'Capacidad: 15. PC docente + Projector. Pizarra.');

INSERT INTO `disponibilidades`(`Aula`, `IdFranja`) VALUES ('OR26',1);
INSERT INTO `disponibilidades`(`Aula`, `IdFranja`) VALUES ('OR26',15);
INSERT INTO `disponibilidades`(`Aula`, `IdFranja`) VALUES ('OR27',3);
INSERT INTO `disponibilidades`(`Aula`, `IdFranja`) VALUES ('OR27',20);
INSERT INTO `disponibilidades`(`Aula`, `IdFranja`) VALUES ('LAB32',30);
INSERT INTO `disponibilidades`(`Aula`, `IdFranja`) VALUES ('LAB32',45);
INSERT INTO `disponibilidades`(`Aula`, `IdFranja`) VALUES ('LAB31',5);
INSERT INTO `disponibilidades`(`Aula`, `IdFranja`) VALUES ('LAB31',12);
INSERT INTO `disponibilidades`(`Aula`, `IdFranja`) VALUES ('AUL11',5);
INSERT INTO `disponibilidades`(`Aula`, `IdFranja`) VALUES ('AUL11',26);
INSERT INTO `disponibilidades`(`Aula`, `IdFranja`) VALUES ('AUL12',28);
INSERT INTO `disponibilidades`(`Aula`, `IdFranja`) VALUES ('AUL12',36);
